out,Site number,Quadrat,Bagged_Slice_Number,Slice_Number,Intended_Alysis,Rhizome (Y/N),Slice Height (cm; if bag says otherwise),Total Dry Weight (g),Rhizome (g),Total Sediment Weight (g),Pebbles (g),Gravel (g),Coarse Sand (g),Medium Sand (g),Fine Sand (g),Silt/Mud (g),Fraction of Pebbles,Fraction of Gravel,Fraction of Coarse Sand ,Fraction of Medium Sand,Fraction of Fine Sand,Fraction of Silt/Mud ,Qualtiy Control Check,QAQC Notes,Analysis_NOTES
2/19/2021,SJB16,3,10,4,grain size,Y,2,60.9821,0.5344,60.451,0.3285,0.7453,35.4178,35.3371,19.5161,0.0142,0.0054,0.0122,0.5808,0.5795,0.32,0.0002,1.5,,These weights need to be rechecked.
6/5/2020,SMARB,1,14,9,grainsize ,N,2,44.6234,0,44.6234,7.831,0.4838,8.7998,14.0575,20.0741,0.5574,0.1755,0.0108,0.1972,0.315,0.4499,0.0125,1.16,,These weights need to be rechecked.
10/2/2020,SJB10,1,6,14,grainsize ,N,2,53.492,0,53.492,2.8464,2.6132,6.7729,20.1463,24.9479,0.0362,0.0532,0.0489,0.1266,0.3766,0.4664,0.0007,1.07,,These weights need to be rechecked.
2/19/2021,SJB14,3,14,4,grain size,Y,2,45.6317,0.7943,44.823,0.0559,0.3649,4.5179,9.9364,32.8455,0.0344,0.0012,0.008,0.099,0.2178,0.7198,0.0008,1.05,,These weights need to be rechecked.
6/5/2020,SMARB,1,9,14,grainsize ,N,2,41.0514,0,41.0514,0,1.372,7.6167,15.6729,16.9425,0.6586,0,0.0334,0.1855,0.3818,0.4127,0.016,1.03,,These weights need to be rechecked.
11/10/2020,SMAR23,1,7,14,grainsize,N,2,50.0644,0,50.0644,0.2319,0.4294,13.0022,22.4847,13.8412,0.2861,0.0046,0.0086,0.2597,0.4491,0.2765,0.0057,1,,
6/26/2020,SMAR12,3,7,14,grainsize ,N,2,50.3737,0.0045,50.3692,0,0,15.0153,23.2878,11.8488,0.3743,0,0,0.2981,0.4623,0.2352,0.0074,1,,
2/14/2021,SJBA,2,10,4,grain size,Y,2,55.869,0,55.869,0,0.0064,0.5121,20.2054,35.2288,0.0014,0,0.0001,0.0092,0.3617,0.6306,0,1,,
9/25/2020,SJBC,1,11,4,grainsize ,Y,2,58.7082,0,58.7082,0,0.1781,1.537,44.3228,12.727,0,0,0.003,0.0262,0.755,0.2168,0,1,,
6/24/2020,SMAR12,1,11,9,grainsize ,N,2,52.1236,0.0485,52.0751,0,0.0135,11.0586,24.2671,16.3297,0.5054,0,0.0003,0.2122,0.4656,0.3133,0.0097,1,,
2/26/2021,SJB13,3,5,14,grain size,N,2,54.8471,0,54.8471,0,0.1513,1.3648,17.9781,35.3742,0.0205,0,0.0028,0.0249,0.3278,0.645,0.0004,1,,
6/26/2020,SMAR12,3,2,19,grainsize ,N,2,48.5366,0,48.5366,0,0.0316,13.966,21.8909,12.226,0.4502,0,0.0007,0.2877,0.451,0.2519,0.0093,1,,
2/26/2021,SJB13,3,10,9,grain size,N,2,45,0,45.0951,0,0.0893,0.7982,14.2745,29.9542,0,0,0.002,0.0177,0.3165,0.6642,0,1,,
11/2/2020,SJB06,2,10,9,grainsize,N,2,53.6304,0,53.6304,0,0.4068,1.9283,33.3817,17.9328,0.0006,0,0.0076,0.036,0.6224,0.3344,0,1,,
1/26/2021,SJBA,3,6,9,grainsize,N,2,57.3025,0,57.3025,0,0.0104,0.5456,18.4258,38.3423,0.0001,0,0.0002,0.0095,0.3216,0.6691,0,1,,
1/29/2021,SJB24,3,2,14,grainsize,N,2,55.1687,0,55.1687,0.0399,0.1309,1.0729,23.7294,30.2037,0.0061,0.0007,0.0024,0.0194,0.4301,0.5475,0.0001,1,,
11/10/2020,SJB06,3,9,9,grainsize,N,2,53.7767,0,53.7767,0,0.0661,1.0047,12.2894,40.4205,0.0031,0,0.0012,0.0187,0.2285,0.7516,0.0001,1,,
10/30/2019,SJB24,2,2,14,grainsize,N,2,54.209,0,54.209,0,0.0802,1.5041,24.1115,28.4985,0.0211,0,0.0015,0.0277,0.4448,0.5257,0.0004,1,,
6/10/2020,SMARA,1,4,9,grainsize ,N,2,49.4404,0,49.4404,0,0.0676,8.1459,14.3783,25.9046,0.9475,0,0.0014,0.1648,0.2908,0.524,0.0192,1,,
11/2/2020,SJB14,2,15,4,grainsize,Y,2,50.8195,0.5456,50.2739,0.5439,0.6362,2.4786,34.3332,12.818,0.0096,0.0107,0.0125,0.0488,0.6756,0.2522,0.0002,1,,
1/26/2021,SJB16,2,2,14,grainsize,N,2,47.7435,0,47.7435,0,0.1246,3.1212,21.7118,22.7785,0.0094,0,0.0026,0.0654,0.4548,0.4771,0.0002,1,,
9/23/2020,SJBB,3,13,4,grainsize ,Y,2,61.1309,0,61.1309,0.7031,0.6291,1.173,31.7383,26.8885,0,0.0115,0.0103,0.0192,0.5192,0.4399,0,1,,
10/27/2020,SJBB,1,6,9,grainsize,N,2,55.7036,0,55.7036,0.0482,0.3422,1.4394,18.026,35.844,0.0014,0.0009,0.0061,0.0258,0.3236,0.6435,0,1,,
9/25/2020,SJBC,1,6,9,grainsize ,N,2,59.1063,0,59.1063,0.0281,0.1543,1.0776,42.2464,15.6022,0,0.0005,0.0026,0.0182,0.7148,0.264,0,1,,
11/2/2020,SJB06,2,5,14,grainsize,N,2,49.5853,0,49.5853,1.7841,0.6995,1.4584,36.2684,9.3529,0.011,0.036,0.0141,0.0294,0.7314,0.1886,0.0002,1,,
10/27/2020,SJBB,1,11,4,grain size,Y,2,60.3532,0,60.3532,0.0879,0.0952,0.6463,12.357,47.1527,0.0039,0.0015,0.0016,0.0107,0.2047,0.7813,0.0001,1,,
3/1/2021,SJBC,2,2,9,grainsize,N,2,55.3882,0,55.3882,0,0.2775,1.4273,33.9276,19.7378,0,0,0.005,0.0258,0.6125,0.3564,0,1,,
1/26/2021,SJBA,3,11,4,grain size,Y,2,59.0022,0,59.0022,0,0.0367,1.1145,22.3422,35.4786,0.0066,0,0.0006,0.0189,0.3787,0.6013,0.0001,1,,
6/5/2020,SMARB,1,4,19,grainsize ,N,2,48.1819,0,48.1819,0,0.0365,8.7999,15.502,22.9851,0.8412,0,0.0008,0.1826,0.3217,0.477,0.0175,1,,
2/27/2021,STCH05,1,6,14,grainsize,N,2,40.9215,0,40.9215,0,0.0352,2.5933,10.6458,27.0751,0.5539,0,0.0009,0.0634,0.2602,0.6616,0.0135,1,,
11/2/2020,SJB14,2,5,15,grainsize,N,2,49.0239,0,49.0239,0,0.306,2.4027,38.6062,7.6784,0.0037,0,0.0062,0.049,0.7875,0.1566,0.0001,1,,
###############################################################################################################################################################################################################################################################,SJB16,2,7,9,grainsize,N,2,50.365,0,50.365,0.0892,0.2822,2.9939,22.6251,24.3385,0.0089,0.0018,0.0056,0.0594,0.4492,0.4832,0.0002,1,,
9/23/2020,SJBB,2,8,9,grainsize ,N,2,51.6551,0,51.6551,0.086,0.0902,1.593,24.9318,24.9218,0,0.0017,0.0017,0.0308,0.4827,0.4825,0,1,,
6/10/2020,SMAR01,10,6,9,grainsize ,N,2,44.2106,0.205,44.0056,0,0.1062,7.4158,15.7819,20.0017,0.8767,0,0.0024,0.1677,0.357,0.4524,0.0198,1,,
3/1/2021,SJBC,2,7,4,grain size,Y,2,59.0072,0,59.0072,0,0.4533,1.3999,37.5316,19.5796,0,0,0.0077,0.0237,0.6361,0.3318,0,1,,
10/30/2020,SJB07,3,5,9,grainsize,N,2,53.9936,0,53.9936,0.4944,0.7314,2.0579,38.9722,11.6812,0.0107,0.0092,0.0135,0.0381,0.7218,0.2163,0.0002,1,,
2/27/2021,SJBC,3,16,4,grain size,Y,2,57.4984,0,57.4984,0,0.0051,1.3135,28.386,27.7416,0,0,0.0001,0.0228,0.4937,0.4825,0,1,,
3/6/2021,SMAR03,2,6,14,grainsize,N,2,54.6787,0,54.6787,0,0.1227,8.7188,22.4301,22.9153,0.4429,0,0.0022,0.1595,0.4102,0.4191,0.0081,1,,
11/10/2020,SJB06,3,4,14,grainsize,N,2,44.5607,0,44.5607,0,0.2055,1.3317,7.9088,35.0596,0.01,0,0.0046,0.0299,0.1775,0.7868,0.0002,1,,
2/19/2021,SJB07,1,6,9,grainsize,N,2,59.0973,0,59.0973,3.1641,1.4325,2.1959,30.522,21.7162,0.0101,0.0535,0.0242,0.0372,0.5165,0.3675,0.0002,1,,
2/19/2021,SJB14,3,4,14,grainsize,N,2,48.3469,0,48.3469,0.6818,0.346,1.4642,18.8996,26.897,0.0055,0.0141,0.0072,0.0303,0.3909,0.5563,0.0001,1,,
9/21/2020,SJBA,1,10,9,grainsize ,N,2,57.75,0,57.75,0,0.3102,2.1487,42.8324,12.3924,0.0005,0,0.0054,0.0372,0.7417,0.2146,0,1,,
9/23/2020,SJBB,2,3,14,grainsize ,N,2,51.6047,0,51.6047,0.7249,0.6989,1.8686,23.2939,24.9565,0.0063,0.014,0.0135,0.0362,0.4514,0.4836,0.0001,1,,
2/26/2021,SMAR01,9,15,9,grain size,N,2,35.4915,0,35.4915,0.5129,0.5004,7.9851,14.3874,11.8909,0.1752,0.0145,0.0141,0.225,0.4054,0.335,0.0049,1,,
11/10/2020,SMAR23,1,2,19,gainsize,N,2,50.2356,0,50.2356,0,0.3294,12.4328,22.6283,14.6401,0.1493,0,0.0066,0.2475,0.4504,0.2914,0.003,1,,
6/5/2020,SMARB,1,19,4,grainsize ,Y,2,34.2234,0,34.2234,0.1188,0,2.8416,9.3299,20.9188,0.9767,0.0035,0,0.083,0.2726,0.6112,0.0285,1,,
10/8/2019,STCH05,2,9,4,grainsize,Y,2,47.4893,0,47.4893,0,0.0155,2.2944,11.6236,33.1186,0.3857,0,0.0003,0.0483,0.2448,0.6974,0.0081,1,,
9/23/2020,SJBB,3,8,9,grainsize ,N,2,53.6652,0,53.6652,0,0.4417,1.7078,28.4764,22.9661,0.0029,0,0.0082,0.0318,0.5306,0.428,0.0001,1,,
6/25/2020,SMAR01,8,10,9,grainsize ,N,2,41.6806,0.0075,41.6731,0.2301,0.0771,6.8844,14.1602,19.572,0.7007,0.0055,0.0018,0.1652,0.3397,0.4696,0.0168,1,,
2/26/2021,SMAR23,2,11,9,grainsize,N,2,51.0645,0,51.0645,0.0381,0.4871,12.5486,29.839,8.0107,0.0675,0.0007,0.0095,0.2457,0.5843,0.1569,0.0013,1,,
2/16/2021,STCHB,1,2,4,grain size,Y,2,45.5866,0,45.5866,0.4357,0.8422,7.5939,20.6192,15.9058,0.1275,0.0096,0.0185,0.1666,0.4523,0.3489,0.0028,1,,
2/19/2021,SJB16,3,5,9,grainsize,N,2,39.8565,0,39.8565,0.1754,0.4831,2.3832,18.1036,18.6387,0.0112,0.0044,0.0121,0.0598,0.4542,0.4676,0.0003,1,,
9/23/2020,SJBB,2,13,4,grainsize ,Y,2,56.3693,0,56.3693,0.0884,0.2786,1.4187,29.6152,24.8808,0.0007,0.0016,0.0049,0.0252,0.5254,0.4414,0,1,,
2/26/2021,SMAR01,9,10,14,grain size,N,2,46.9667,0,46.9667,0,0.1681,11.3365,20.1636,14.9341,0.2918,0,0.0036,0.2414,0.4293,0.318,0.0062,1,,
10/20/2020,SJB13,2,6,14,grainsize,N,2,64.8604,0,64.8604,0,0.0888,0.9579,8.7239,54.952,0.0331,0,0.0014,0.0148,0.1345,0.8472,0.0005,1,,
2/19/2021,SJB14,3,9,9,grainsize,N,2,51.1394,0,51.1394,0,0.6014,1.338,11.3853,37.7156,0.0165,0,0.0118,0.0262,0.2226,0.7375,0.0003,1,,
6/10/2020,SMARA,1,9,4,grainsize ,Y,2,60.637,0,60.637,0,0.0412,5.1044,16.4866,38.2273,0.6833,0,0.0007,0.0842,0.2719,0.6304,0.0113,1,,
10/27/2020,STCH12,2,7,4,grain size,Y,2,34.047,0.0106,34.0364,0.141,0.6726,4.9089,9.0108,18.6268,0.6311,0.0041,0.0198,0.1442,0.2647,0.5471,0.0185,1,,
12/2/2020,STCH12,3,5,9,grainsize,N,2,36.3168,0,36.3168,0.3366,0.7395,5.7691,17.8483,11.478,0.0884,0.0093,0.0204,0.1589,0.4915,0.3161,0.0024,1,,
12/2/2020,STCH21,2,2,14,grainsize,N,2,47.5877,0,47.5877,0,0.1738,7.1873,22.3168,17.7761,0.0573,0,0.0037,0.151,0.469,0.3735,0.0012,1,,
2/26/2021,SMAR23,2,6,14,grainsize,N,2,48.9528,0,48.9528,0.0944,0.2261,11.2024,24.0006,13.2437,0.1035,0.0019,0.0046,0.2288,0.4903,0.2705,0.0021,1,,
2/23/2021,STCH04,1,8,14,grainsize,N,2,57.2729,0,57.2729,0,0.1685,4.0672,13.7632,37.9975,1.1814,0,0.0029,0.071,0.2403,0.6634,0.0206,1,,
9/21/2020,SJBA,1,5,14,grainsize ,N,2,53.5818,0,53.5818,0,0.1826,1.225,26.2313,25.8479,0,0,0.0034,0.0229,0.4896,0.4824,0,1,,
3/1/2021,SMARB,2,16,4,grainsize,Y,2,40.1615,0,40.1615,0,0.3115,6.4272,15.4399,17.7382,0.1732,0,0.0078,0.16,0.3844,0.4417,0.0043,1,,
2/27/2021,STCH05,1,11,9,grainsize,N,2,39.1998,0,39.1998,0,0.1515,2.519,8.3894,27.5658,0.5025,0,0.0039,0.0643,0.214,0.7032,0.0128,1,,
10/30/2019,SJB24,2,7,9,grainsize,N,2,54.3193,0,54.3193,0,0.2208,1.6642,24.3066,28.0044,0.0191,0,0.0041,0.0306,0.4475,0.5156,0.0004,1,,
2/27/2021,SJBC,3,6,14,grainsize,N,2,50.3088,0,50.3088,0,0,0.8661,23.4011,25.9468,0,0,0,0.0172,0.4651,0.5158,0,1,,
6/18/2020,SMARB,3,16,4,grainsize ,Y,2,43.6062,0,43.6062,0.3147,0.1424,3.0761,10.9096,28.2814,0.7991,0.0072,0.0033,0.0705,0.2502,0.6486,0.0183,1,,
12/2/2020,STCH21,2,7,9,grainsize,N,2,34.8109,0,34.8109,0,0.2219,5.3596,15.5887,13.4589,0.1172,0,0.0064,0.154,0.4478,0.3866,0.0034,1,,
12/2/2020,STCH21,1,4,14,grainsize,N,2,51.6906,0,51.6906,0,0.0814,5.2208,31.9908,14.2809,0.0176,0,0.0016,0.101,0.6189,0.2763,0.0003,1,,
1/29/2021,SJB24,3,7,9,grainsize,N,2,43.9535,0,43.9535,0,0.0871,0.9673,24.3608,18.4412,0.0109,0,0.002,0.022,0.5542,0.4196,0.0002,1,,
11/2/2020,SJB14,2,10,9,grainsize,N,2,53.8513,0,53.8513,0.6143,0.5394,2.8347,35.5038,14.2399,0.0081,0.0114,0.01,0.0526,0.6593,0.2644,0.0002,1,,
11/2/2020,SJB14,1,5,14,grainsize,N,2,51.7966,0,51.7966,0.2498,0.8102,1.7826,13.1829,35.6526,0.0098,0.0048,0.0156,0.0344,0.2545,0.6883,0.0002,1,,
9/23/2020,SJBB,3,3,14,grainsize ,N,2,58.3317,0,58.3317,0,0.4995,2.1699,24.0473,31.4902,0.0014,0,0.0086,0.0372,0.4123,0.5398,0,1,,
6/18/2020,SMARB,3,6,14,grainsize ,N,2,45.6867,0,45.6867,0,0.1207,8.6212,13.7072,22.4408,0.7003,0,0.0026,0.1887,0.3,0.4912,0.0153,1,,
6/18/2020,SMARB,3,11,9,grainsize ,N,2,44.1539,0,44.1539,0,0.0323,5.6527,15.2351,22.5442,0.599,0,0.0007,0.128,0.345,0.5106,0.0136,1,,
11/2/2020,SJB06,2,15,4,grain size,Y,2,52.5961,0.0874,52.4858,0,0.3068,1.0952,40.3199,10.7562,0.0015,0,0.0058,0.0208,0.7666,0.2045,0,1,,
11/2/2020,SJB14,1,10,9,grainsize,N,2,48.1151,0,48.1151,0.1462,0.3255,1.8745,15.4207,30.2388,0.0051,0.003,0.0068,0.039,0.3205,0.6285,0.0001,1,,
3/6/2021,SMAR03,2,11,9,grainsize,N,2,52.0107,0,52.0107,0,0.0414,7.7757,21.4054,22.2686,0.4067,0,0.0008,0.1495,0.4116,0.4282,0.0078,1,,
3/1/2021,SMARB,2,11,9,grainsize,N,2,46.9514,0,46.9514,0,0.652,14.0235,19.0187,13.0341,0.1195,0,0.0139,0.2987,0.4051,0.2776,0.0025,1,,
10/13/2020,SJB16,1,2,14,grainsize,N,2,40.9193,0,40.9193,0,0.1038,1.5004,14.4279,24.7815,0.0112,0,0.0025,0.0367,0.3526,0.6056,0.0003,1,,
2/17/2021,SMAR25,2,3,14,grainsize,N,2,52.5241,0,52.5241,0,0.1691,19.3773,21.0757,11.5298,0.2514,0,0.0032,0.3689,0.4013,0.2195,0.0048,1,,
6/12/2020,SMAR23,3,8,9,grainsize ,N,2,43.3915,0.0122,43.3793,0.0575,0.2093,6.3428,17.317,18.5475,0.8138,0.0013,0.0048,0.1462,0.3991,0.4274,0.0188,1,,
8/28/2020,SJB13,1,6,14,grainsize ,Y,2,52.8036,0,52.8036,0.0907,0.1397,0.7413,23.3353,28.358,0.0075,0.0017,0.0026,0.014,0.4419,0.537,0.0001,1,,
9/25/2020,STCH05,3,15,9,grainsize ,N,2,48.9657,0,48.9657,0.091,0.1504,2.9394,19.1554,26.3337,0.1743,0.0019,0.0031,0.06,0.3912,0.5378,0.0036,1,,
3/6/2021,STCHA,2,3,4,grain size,Y,2,52.0011,0.0227,51.9784,0.2557,1.919,15.313,17.7093,16.4905,0.1842,0.0049,0.0369,0.2945,0.3406,0.3171,0.0035,1,,
8/28/2020,SJB13,1,11,9,grainsize ,N,2,52.7404,0,52.7404,0.1926,0.2622,1.0338,21.4673,29.6446,0.0053,0.0037,0.005,0.0196,0.407,0.5621,0.0001,1,,
2/27/2021,SJBC,3,11,9,grainsize,N,2,52.0843,0,52.0843,0,0.0415,1.2615,27.4063,23.2382,0,0,0.0008,0.0242,0.5262,0.4462,0,1,,
9/25/2020,STCH05,3,20,4,grainsize ,Y,2,34.8801,0.0095,34.8706,0,0.1616,1.6636,11.1957,21.5853,0.1824,0,0.0046,0.0477,0.321,0.6188,0.0052,1,,
2/17/2021,SMAR14,2,9,14,grainsize,N,2,42.6757,0,42.6757,0,0.2791,14.4163,19.2341,8.4764,0.1547,0,0.0065,0.3378,0.4507,0.1986,0.0036,1,,
11/9/2020,STCHA,3,2,4,grain size,Y,2,50.216,0,50.216,1.0468,3.3218,19.2582,18.9741,7.422,0.0551,0.0208,0.0662,0.3835,0.3778,0.1478,0.0011,1,,
2/27/2021,STCH05,1,16,4,grainsize,Y,2,31.0252,0.0074,31.0178,0.1269,0.0834,1.6699,6.9135,21.7027,0.4433,0.0041,0.0027,0.0538,0.2228,0.6995,0.0143,1,,
10/27/2020,STCH12,2,2,9,grainsize,N,2,34.728,0,34.728,0.0836,0.1715,3.7234,8.6778,21.6155,0.3582,0.0024,0.0049,0.1072,0.2499,0.6224,0.0103,1,,
10/2/2020,SMARC,1,8,4,grainsize ,N,2,54.3622,0,54.3622,0.2207,0.4676,18.1719,30.5019,4.7822,0.0624,0.0041,0.0086,0.3343,0.5611,0.088,0.0011,1,,
10/2/2020,SMARC,1,3,9,grainsize ,N,2,62.0603,0,62.0603,0,0.9287,22.2729,28.4327,9.9104,0.3366,0,0.015,0.3589,0.4581,0.1597,0.0054,1,,
10/20/2020,SJB13,2,11,9,grainsize,N,2,50.6335,0,50.6335,0.0228,0.0388,0.6412,9.1955,40.5688,0.0214,0.0005,0.0008,0.0127,0.1816,0.8012,0.0004,1,,
6/25/2020,SMAR01,8,15,4,grainsize ,Y,2,32.5532,0.1384,32.4148,0,0.1557,6.9593,11.9911,12.9225,0.4301,0,0.0048,0.2138,0.3684,0.397,0.0132,1,,
2/26/2021,SMAR01,9,20,4,grain size,Y,2,24.3995,0,24.3995,0.3337,1.723,5.4224,8.2452,8.4759,0.1284,0.0137,0.0706,0.2222,0.3379,0.3474,0.0053,1,,
5/20/2020,SMAR03,1,4,14,grainsize ,N,2,45.375,0,45.375,0,0.0505,7.2355,14.2854,22.7771,0.8941,0,0.0011,0.1595,0.3148,0.502,0.0197,1,,
1/14/2020,SMAR04,1,7,9,grainsize ,N,2,46.8843,0.0257,46.8479,0,0.1677,9.8959,20.9531,15.4572,0.2726,0,0.0036,0.2111,0.4469,0.3297,0.0058,1,,
2/17/2021,SMAR14,2,4,19,grainsize,N,2,48.5154,0,48.5154,0,0.1002,18.1193,20.6066,9.4072,0.1425,0,0.0021,0.3735,0.4247,0.1939,0.0029,1,,
5/28/2020,SMAR25,1,11,9,grainsize ,N,2,44.6151,0,44.6151,0,0.471,10.6115,18.7365,14.0793,0.5869,0,0.0106,0.2378,0.42,0.3156,0.0132,1,,
9/25/2020,STCH05,3,5,19,grainsize ,N,2,41.6212,0,41.6212,0,0.0677,2.307,19.3723,19.6124,0.1398,0,0.0016,0.0554,0.4654,0.4712,0.0034,1,,
11/17/2020,STCH01,3,7,9,grainsize,N,2,49.1142,0,49.1142,0,0.0235,4.1518,16.9838,27.362,0.4473,0,0.0005,0.0845,0.3458,0.5571,0.0091,1,,
2/26/2021,SJB13,3,15,4,grain size,Y,2,52.3736,0.1887,52.2123,0,0.0409,1.4452,23.4289,27.2939,0,0,0.0008,0.0276,0.4473,0.5211,0,1,,
10/30/2020,SJB07,3,10,4,grain size,Y,2,46.5699,0.0781,46.4877,0.4827,1.4081,4.8899,29.3013,10.3207,0.0135,0.0104,0.0302,0.105,0.6292,0.2216,0.0003,1,,
10/2/2020,SJB10,1,11,9,grainsize ,N,2,47.3411,0,47.3411,0,0.5873,5.3288,14.0788,27.1092,0.0812,0,0.0124,0.1126,0.2974,0.5726,0.0017,1,,
10/20/2020,SJB13,2,16,4,grainsize,Y,2,60.9748,0.1334,60.8414,0.028,0.0383,0.7066,6.6718,53.2703,0.059,0.0005,0.0006,0.0116,0.1094,0.8736,0.001,1,,
9/21/2020,SJBA,1,15,4,grainsize ,Y,2,51.0849,0,51.0849,0,0,0.784,22.24,27.89,0.0001,0,0,0.0153,0.4354,0.546,0,1,,
6/4/2020,SMAR14,3,4,9,grainsize ,N,2,46.118,0.0108,46.1072,0,0.0293,11.9258,19.9399,13.5307,0.542,0,0.0006,0.2586,0.4324,0.2934,0.0118,1,,
2/19/2021,STCH01,2,3,9,grainsize,N,2,47.4233,0,47.4233,0.3247,0.3528,4.6039,20.333,21.5254,0.1257,0.0068,0.0074,0.0971,0.4288,0.4539,0.0027,1,,
10/2/2020,STCH04,2,11,9,grainsize ,N,2,56.2864,0,56.2864,0.0955,0.4472,7.1644,18.2919,29.6462,0.4577,0.0017,0.0079,0.1273,0.325,0.5267,0.0081,1,,
9/21/2020,SJB06,1,9,9,grainsize ,N,2,61.2337,0,61.2337,0,0.1252,1.3409,18.9415,40.617,0.0023,0,0.002,0.0219,0.3093,0.6633,0,1,,
10/30/2020,SJB10,2,13,4,grain size,Y,2,43.4158,0.0121,43.3862,0.3728,0.2336,2.3561,27.4101,12.8351,0.0613,0.0086,0.0054,0.0543,0.6313,0.2956,0.0014,1,,
2/17/2021,SMAR25,2,8,9,grainsize,N,2,50.0664,0,50.0664,0.0268,0.3681,14.5931,22.8701,11.8741,0.1634,0.0005,0.0074,0.2915,0.4568,0.2372,0.0033,1,,
2/17/2021,SMAR25,2,13,4,grainsize,Y,2,46.8436,0,46.8436,0.2199,0.4764,12.649,21.7403,11.2853,0.3156,0.0047,0.0102,0.27,0.4641,0.2409,0.0067,1,,
10/2/2020,SMARC,2,7,9,grainsize ,N,2,48.2121,0,48.2121,0.0678,0.976,17.9204,23.5304,5.4851,0.0688,0.0014,0.0202,0.3717,0.4881,0.1138,0.0014,1,,
10/30/2020,SJB10,2,3,14,grainsize,N,2,42.5365,0,42.5365,1.2341,1.4945,4.7567,19.6002,15.2389,0.0648,0.029,0.0351,0.1118,0.4608,0.3583,0.0015,1,,
9/25/2020,SJB17,1,10,9,grainsize ,N,2,42.5991,0,42.5991,0.4153,0.3289,2.1064,15.9958,23.5448,0.0582,0.0097,0.0077,0.0494,0.3755,0.5527,0.0014,1,,
5/20/2020,SMAR03,1,14,9,grainsize ,N,2,47.007,0,47.007,0,0.0458,4.1508,14.3869,27.555,0.7021,0,0.001,0.0883,0.3061,0.5862,0.0149,1,,
12/2/2020,SMAR25,3,6,9,grainsize,N,2,46.8159,0,46.8159,0,0.3997,13.8665,24.4793,7.837,0.0711,0,0.0085,0.2962,0.5229,0.1674,0.0015,1,,
6/25/2020,SMAR01,8,5,14,grainsize ,N,2,36.4414,0,36.4414,0,0.017,8.6138,12.5183,14.5348,0.625,0,0.0005,0.2364,0.3435,0.3989,0.0172,1,,
2/19/2021,STCH01,2,8,4,grain size,Y,2,33.9833,0,33.9833,0,0.3077,3.8711,9.8294,19.4611,0.3932,0,0.0091,0.1139,0.2892,0.5727,0.0116,1,,
2/17/2021,STCH04,3,5,14,grainsize,N,2,61.1832,0,61.1832,0,0.3178,4.9736,19.722,35.5536,0.3975,0,0.0052,0.0813,0.3223,0.5811,0.0065,1,,
9/25/2020,STCH05,3,10,14,grainsize ,N,2,55.3396,0,55.3396,0,0.3867,5.0903,19.5269,29.7898,0.3465,0,0.007,0.092,0.3529,0.5383,0.0063,1,,
10/2/2020,SMARC,2,2,14,grainsize ,N,2,50.6961,0,50.6961,0,0.6108,20.8376,21.4631,7.4048,0.1947,0,0.012,0.411,0.4234,0.1461,0.0038,1,,
11/10/2020,SMARC,3,6,9,grainsize,N,2,49.2749,0,49.2749,0.1071,0.5134,17.7839,22.0673,8.4261,0.1961,0.0022,0.0104,0.3609,0.4478,0.171,0.004,1,,
2/17/2021,STCH04,3,10,9,grainsize,N,2,51.973,0,51.973,0,0.5608,4.6358,13.9306,32.3189,0.3364,0,0.0108,0.0892,0.268,0.6218,0.0065,1,,
8/28/2020,SJB07,2,6,9,grainsize ,N,2,53.3677,0,53.3677,0.0262,0.3741,1.299,15.9182,35.534,0.0119,0.0005,0.007,0.0243,0.2983,0.6658,0.0002,1,,
3/6/2021,SMAR03,3,5,14,grainsize,N,2,37.8151,0,37.8151,0,0.0483,6.8458,13.506,16.8278,0.443,0,0.0013,0.181,0.3572,0.445,0.0117,1,,
1/14/2020,SMAR04,1,2,14,grainsize ,N,2,46.2476,0,46.2476,0,0.0616,13.1533,19.2383,13.323,0.2949,0,0.0013,0.2844,0.416,0.2881,0.0064,1,,
2/17/2021,SMAR14,2,14,9,grainsize,N,2,51.2653,0,51.2653,0,0.2843,14.2435,25.0006,11.3347,0.2078,0,0.0055,0.2778,0.4877,0.2211,0.0041,1,,
11/17/2020,STCH01,3,12,4,grain size,Y,2,42.7951,0,42.7951,0.029,0.4371,5.0232,12.2058,24.5306,0.4059,0.0007,0.0102,0.1174,0.2852,0.5732,0.0095,1,,
3/1/2021,SMARB,2,6,14,grainsize,N,2,42.4509,0,42.4509,0.0919,0.4665,9.6083,17.1339,14.7997,0.1833,0.0022,0.011,0.2263,0.4036,0.3486,0.0043,1,,
2/17/2021,STCH04,3,15,4,grain size,Y,2,60.6237,0,60.6237,0,0.2825,3.9382,14.6851,41.2165,0.2669,0,0.0047,0.065,0.2422,0.6799,0.0044,1,,
10/8/2019,STCH05,2,4,9,grainsize,N,2,27.6071,0,27.6071,0.0817,0.2136,2.5602,5.7066,18.8225,0.1153,0.003,0.0077,0.0927,0.2067,0.6818,0.0042,1,,
2/6/2021,SMAR04,3,3,19,grain size,N,2,54.9149,0,54.9149,0,0.4364,22.4479,22.0417,9.4751,0.2932,0,0.0079,0.4088,0.4014,0.1725,0.0053,1,,
2/6/2021,SMAR04,3,8,14,grain size,N,2,50.1131,0,50.1131,0.0486,0.3533,13.1755,22.331,13.6128,0.3922,0.001,0.0071,0.2629,0.4456,0.2716,0.0078,1,,
2/26/2021,SMAR23,2,16,4,grainsize,Y,2,40.7195,0.0803,40.6461,0.8285,1.0016,7.3134,19.9063,11.4271,0.0802,0.0203,0.0246,0.1796,0.4889,0.2806,0.002,1,,
10/2/2020,STCH04,2,6,14,grainsize ,N,2,44.0798,0,44.0798,0,0.1674,4.0964,13.0688,26.137,0.4347,0,0.0038,0.0929,0.2965,0.5929,0.0099,1,,
10/2/2020,STCH04,2,16,4,grainsize ,Y,2,49.532,0.0079,49.4871,0.3268,0.3583,5.8464,15.8954,26.6539,0.2479,0.0066,0.0072,0.118,0.3209,0.5381,0.005,1,,
1/30/2021,STCHB,3,19,4,grain size,Y,2,45.9674,0,45.9674,0.0886,0.3976,5.0368,13.5873,26.1683,0.4962,0.0019,0.0086,0.1096,0.2956,0.5693,0.0108,1,,
10/19/2020,STCHC,1,3,9,grainsize,N,2,33.5447,0,33.5447,0.2197,0.1363,3.3955,6.9309,21.7847,0.9376,0.0065,0.0041,0.1012,0.2066,0.6494,0.028,1,,"Pebble was actually dried buried rhizome in a deeper slice, indiciating that its dead. "
5/20/2020,SMAR03,1,19,4,grainsize ,Y,2,40.9222,0,40.9222,0.2366,0.0641,2.7291,13.6509,23.366,0.6993,0.0058,0.0016,0.0667,0.3336,0.571,0.0171,1,,
2/2/2021,SMAR24,1,9,9,grainsize,N,2,48.717,0,48.717,0,0.324,10.3951,18.3654,18.8576,0.5671,0,0.0067,0.2134,0.377,0.3871,0.0116,1,,
3/8/2021,SMAR24,2,11,4,grain size,Y,2,43.0171,0.0235,42.9725,0,0.1578,6.8273,16.3946,19.2352,0.2158,0,0.0037,0.1587,0.3811,0.4472,0.005,1,,
11/10/2020,STCH20,1,6,9,grainsize,N,2,33.8701,0,33.8701,0,0.0727,2.7389,8.2334,22.1314,0.5483,0,0.0021,0.0809,0.2431,0.6534,0.0162,1,,
9/18/2020,SJB10,3,7,14,grainsize ,N,2,44.9918,0,44.9918,1.3432,0.8676,4.1758,20.4639,17.9026,0.0425,0.0299,0.0193,0.0928,0.4548,0.3979,0.0009,1,,
1/26/2021,SJB16,2,12,4,grain size,Y,2,48.9553,0.2305,48.7504,0.2302,0.4009,3.5812,23.7202,20.7978,0.0101,0.0047,0.0082,0.0732,0.4845,0.4248,0.0002,1,,
11/10/2020,SMARC,3,11,4,grain size,Y,2,47.5846,0,47.5846,0.2408,0.3004,17.617,24.1641,4.9608,0.0902,0.0051,0.0063,0.3702,0.5078,0.1043,0.0019,1,,
2/19/2021,STCH06,2,13,9,grainsize,N,2,46.9068,0,46.9068,2.973,1.2055,6.3621,17.4256,18.4436,0.2915,0.0634,0.0257,0.1356,0.3715,0.3932,0.0062,1,,
10/30/2020,SJB10,2,8,9,grainsize,N,2,43.7365,0,43.7365,0,0.1862,3.7111,20.4972,19.0412,0.1056,0,0.0043,0.0849,0.4687,0.4354,0.0024,1,,
7/22/2020,STCH20,2,4,9,grainsize ,N,2,34.1717,0,34.1717,0,0.1645,2.1177,6.7386,24.1643,0.8334,0,0.0048,0.062,0.1972,0.7071,0.0244,1,,
11/17/2020,STCH01,3,2,14,grainsize,N,2,46.7555,0,46.7555,0,0.1495,5.9477,16.7214,23.4144,0.306,0,0.0032,0.1272,0.3576,0.5008,0.0065,1,,
2/14/2021,SJBA,2,5,9,grainsize,N,2,53.4085,0,53.4085,0.0355,0.0349,0.886,15.46,36.7056,0.0381,0.0007,0.0007,0.0166,0.2895,0.6873,0.0007,1,,
6/5/2020,SMAR12,2,7,4,grainsize ,Y,2,37.4583,0.2458,37.2125,0.1839,0.0964,6.4252,15.5977,13.9585,1.0212,0.0049,0.0026,0.1715,0.4164,0.3726,0.0273,1,,
6/24/2020,SMAR12,1,16,4,grainsize ,Y,2,45.3378,0.1361,45.2017,0.0107,0.0518,7.3214,20.6713,16.3153,0.7544,0.0002,0.0011,0.1615,0.4559,0.3599,0.0166,1,,
11/17/2020,SMAR23,1,12,9,grainsize,N,2,48.0514,0,48.0514,0,0.1636,8.879,21.6429,16.726,0.4142,0,0.0034,0.1848,0.4504,0.3481,0.0086,1,,
11/2/2020,SMAR24,3,7,14,grainsize,N,2,50.6797,0,50.6797,0.1573,0.7661,15.1824,24.0269,10.2267,0.0813,0.0031,0.0151,0.2996,0.4741,0.2018,0.0016,1,,
2/17/2021,STCH01,1,5,4,grain size,Y,2,38.8972,0,38.8972,0,0.4831,4.0868,11.0523,22.7893,0.3025,0,0.0124,0.1051,0.2841,0.5859,0.0078,1,,
2/23/2021,STCH04,1,3,19,grainsize,N,2,55.8174,0,55.8174,0.1059,0.2798,5.6057,13.8803,34.3133,1.3692,0.0019,0.005,0.1004,0.2487,0.6147,0.0245,1,,
2/2/2021,SMAR24,1,4,14,grainsize,N,2,45.1253,0,45.1253,0.1344,0.4588,10.0139,17.0277,16.8173,0.4561,0.003,0.0102,0.2219,0.3773,0.3727,0.0101,1,,
2/16/2021,STCHA,1,6,4,grain size,Y,2,55.5518,0,55.5518,1.7298,2.6659,12.5761,20.0289,18.1408,0.1451,0.0311,0.048,0.2264,0.3605,0.3266,0.0026,1,,
2/17/2021,SJB02,2,4,19,grainsize,N,2,41.4368,0,41.4368,0.5346,0.6342,4.7344,25.2655,10.0219,0.0435,0.0129,0.0153,0.1143,0.6097,0.2419,0.001,1,,
2/19/2021,SJB07,1,11,4,grain size,Y,2,55.7152,0.1923,55.5097,2.1047,1.1475,1.3502,34.9245,15.9135,0.0039,0.0378,0.0206,0.0242,0.6268,0.2856,0.0001,1,,
5/20/2020,SMARA,2,10,4,grainsize ,Y,2,52.2139,0,52.2139,0,0.0994,3.0755,14.0549,33.8636,0.866,0,0.0019,0.0589,0.2692,0.6486,0.0166,1,,
1/30/2021,STCHB,3,14,9,grainsize,N,2,39.9121,0,39.9121,0.1885,0.2187,5.4754,13.3007,20.1866,0.3464,0.0047,0.0055,0.1372,0.3332,0.5058,0.0087,1,,
9/21/2020,SJB02,3,10,9,grainsize ,N,2,58.4184,0,58.4184,0.5655,0.2695,2.567,31.8182,22.801,0.1026,0.0097,0.0046,0.0439,0.5447,0.3903,0.0018,1,,
9/21/2020,SJB24,1,6,9,grainsize ,N,2,39.851,0,39.851,0.7215,0.3656,0.8249,14.739,22.9632,0.0344,0.0181,0.0092,0.0207,0.3699,0.5762,0.0009,0.99,,
12/2/2020,SMAR25,3,11,4,grainsize,Y,2,42.7159,0.0126,42.6811,0.2403,0.3855,12.0112,20.3032,9.4221,0.1352,0.0056,0.009,0.2812,0.4753,0.2206,0.0032,0.99,,
11/17/2020,STCH21,3,5,9,grainsize,N,2,36.3672,0,36.3672,0.0907,0.0346,3.7081,11.9203,20.0231,0.4066,0.0025,0.001,0.102,0.3278,0.5506,0.0112,0.99,,
2/17/2021,SJB02,2,9,14,grainsize,N,2,35.2736,0,35.2736,0.1563,0.09,1.935,16.5236,16.3202,0.0643,0.0044,0.0026,0.0549,0.4684,0.4627,0.0018,0.99,,
11/17/2020,SJB17,3,9,9,grainsize,N,2,38.9379,0,38.9379,1.3761,0.7766,3.279,8.8185,24.4313,0.0528,0.0353,0.0199,0.0842,0.2265,0.6274,0.0014,0.99,,
2/19/2021,STCH06,2,8,14,grainsize,N,2,46.4241,0,46.4241,0,0.1356,4.8177,13.8332,26.7243,0.6725,0,0.0029,0.1038,0.298,0.5757,0.0145,0.99,,
3/6/2021,SMAR03,3,10,9,grainsize,N,2,44.1999,0,44.1999,0,0.3004,7.9103,16.4346,18.8434,0.476,0,0.0068,0.179,0.3718,0.4263,0.0108,0.99,,
6/4/2020,SMAR14,3,9,4,grainsize ,Y,2,33.8456,0.1703,33.6753,0.5685,0.0157,7.1054,13.8909,11.5512,0.5337,0.0168,0.0005,0.2099,0.4104,0.3413,0.0158,0.99,,
3/8/2021,SMAR24,2,6,9,grainsize,N,2,40.7073,0,40.7073,0,1.3421,10.2985,16.3229,12.4274,0.1018,0,0.033,0.253,0.401,0.3053,0.0025,0.99,,
9/21/2020,SJB02,3,5,14,grainsize ,N,2,45.2978,0,45.2978,0.0435,0.1004,2.2917,24.3895,18.1822,0.0468,0.001,0.0022,0.0506,0.5384,0.4014,0.001,0.99,,
9/25/2020,SJB17,1,15,4,grainsize ,Y,2,35.4756,0.07,35.415,0,0.2603,0.9774,9.6312,24.341,0.0757,0,0.0073,0.0276,0.2715,0.6861,0.0021,0.99,,
2/17/2021,SMAR14,2,19,4,grainsize,Y,2,41.0095,0.0725,40.918,0,0.1012,8.9141,19.1719,12.3389,0.2577,0,0.0025,0.2174,0.4675,0.3009,0.0063,0.99,,
10/13/2020,SJB16,1,7,9,grainsize,N,2,44.222,0,44.222,0,0.1625,1.5885,14.4764,27.7154,0.028,0,0.0037,0.0359,0.3274,0.6267,0.0006,0.99,,
11/10/2020,STCH20,3,9,4,grain size,Y,2,34.1147,0.0054,34.1093,0.232,0.2901,3.6346,8.598,20.6735,0.4914,0.0068,0.0085,0.1065,0.252,0.606,0.0144,0.99,,
8/28/2020,SJB13,1,16,4,grainsize ,Y,2,59.0204,0.2273,58.7931,0,0.1109,2.3588,32.0198,24.1884,0.0022,0,0.0019,0.04,0.5425,0.4098,0,0.99,,
11/17/2020,SJB17,3,4,14,grainsize,N,2,43.9564,0,43.9564,0,0.3616,3.6784,9.5364,29.7404,0.3795,0,0.0082,0.0837,0.217,0.6766,0.0086,0.99,,
6/5/2020,SMAR12,2,2,9,grainsize ,N,2,52.5277,0.0072,52.5205,0,0,8.4423,25.4608,17.8315,0.4833,0,0,0.1607,0.4847,0.3395,0.0092,0.99,,
9/18/2020,SJB02,1,3,19,grainsize ,N,2,47.4445,0,47.4445,0.2909,0.1959,2.8473,27.2607,16.4843,0.0805,0.0061,0.0041,0.06,0.5746,0.3474,0.0017,0.99,,
9/18/2020,SJB02,1,13,9,grainsize ,N,2,36.1132,0,36.1132,0.5215,0.3551,6.0268,24.0309,4.9601,0.0029,0.0144,0.0098,0.1669,0.6654,0.1373,0.0001,0.99,,
2/17/2021,SJB02,2,14,9,grainsize,N,2,37.5149,0,37.5149,0.3195,0.1184,2.5954,16.7057,17.4536,0.0972,0.0085,0.0032,0.0692,0.4453,0.4652,0.0026,0.99,,
11/2/2020,SMAR24,3,2,19,grainsize,N,2,45.4399,0,45.4399,0,0.7767,16.0465,19.5241,8.76,0.0544,0,0.0171,0.3531,0.4297,0.1928,0.0012,0.99,,
2/23/2021,STCH04,1,13,9,grainsize,N,2,57.6697,0,57.6697,0.2712,0.5351,6.4569,13.1413,35.1623,1.7519,0.0047,0.0093,0.112,0.2279,0.6097,0.0304,0.99,,
9/18/2020,SJB02,1,8,14,grainsize ,N,2,37.2156,0,37.2156,0.275,0.3668,1.8617,26.4965,7.972,0.0121,0.0074,0.0099,0.05,0.712,0.2142,0.0003,0.99,,
2/26/2021,SMAR01,9,5,19,grain size,N,2,43.9998,0,43.9998,0,0.7319,15.8415,17.5148,9.4553,0.182,0,0.0166,0.36,0.3981,0.2149,0.0041,0.99,,
10/2/2020,SMARC,2,12,4,grainsize ,Y,2,46.9925,0,46.9925,0.1872,0.604,17.0802,24.87,3.9021,0.0574,0.004,0.0129,0.3635,0.5292,0.083,0.0012,0.99,,
2/19/2021,STCH06,2,18,4,grainsize,Y,2,32.1526,0.0359,32.111,0,0.631,3.4009,8.0495,19.3131,0.5593,0,0.0196,0.1058,0.2504,0.6007,0.0174,0.99,,
10/19/2020,STCHC,1,8,4,grainsize,Y,2,43.7071,0,43.7071,1.5282,3.7705,9.7029,10.0386,17.9747,0.4228,0.035,0.0863,0.222,0.2297,0.4113,0.0097,0.99,,
2/6/2021,SMAR04,3,13,9,grain size,N,2,38.6426,0,38.6426,0.038,0.0957,7.8016,17.7836,12.3095,0.372,0.001,0.0025,0.2019,0.4602,0.3185,0.0096,0.99,,
10/2/2020,STCH06,3,3,9,grainsize ,N,2,40.0564,0,40.0564,0.159,0.3749,4.1136,11.4096,23.2744,0.4739,0.004,0.0094,0.1027,0.2848,0.581,0.0118,0.99,,
3/8/2021,SJB17,2,14,4,grainsize,Y,2,39.5169,0.0764,39.4176,0,0.0328,0.8072,6.6313,31.7645,0.0295,0,0.0008,0.0204,0.1678,0.8038,0.0007,0.99,,
5/28/2020,SMAR25,1,6,14,grainsize ,N,2,43.2931,0,43.2931,0,0.2053,10.8181,17.4508,13.7826,0.7611,0,0.0047,0.2499,0.4031,0.3184,0.0176,0.99,,
2/17/2021,SJB02,2,19,4,grainsize,Y,2,35.7739,0.0705,35.7238,0.7699,0.6602,3.5967,15.9311,14.5387,0.0455,0.0215,0.0185,0.1005,0.4453,0.4064,0.0013,0.99,,
7/4/2020,SMAR12,3,12,9,grainsize ,N,2,42.8867,0.0058,42.8809,0,0,8.2441,18.7488,14.6803,0.9362,0,0,0.1922,0.4372,0.3423,0.0218,0.99,,
11/17/2020,SMAR23,1,17,4,grainsize,Y,2,29.4626,0,29.4626,0.0718,0.1605,6.6034,12.7078,9.427,0.3011,0.0024,0.0054,0.2241,0.4313,0.32,0.0102,0.99,,
10/2/2020,STCH06,3,8,4,grainsize ,Y,2,29.7488,0.0314,29.7114,0,0.3315,2.7717,6.765,19.1287,0.5572,0,0.0111,0.0932,0.2274,0.643,0.0187,0.99,,
11/10/2020,STCH20,1,11,4,grainsize,Y,2,38.6635,0.0248,38.5421,0.0873,0.7541,4.028,7.9103,24.9447,0.6837,0.0023,0.0195,0.1042,0.2046,0.6452,0.0177,0.99,,
9/18/2020,SJB10,3,12,9,grainsize ,N,2,40.0893,0,40.0893,0.7672,0.9974,4.9432,21.3858,11.6803,0.0486,0.0191,0.0249,0.1233,0.5335,0.2914,0.0012,0.99,,
5/19/2020,SMARA,3,11,4,grainsize ,Y,2,46.4545,0,46.4545,0,0.021,3.6721,12.8742,29.0946,0.4803,0,0.0005,0.079,0.2771,0.6263,0.0103,0.99,,
3/8/2021,SJB17,2,4,14,grainsize,N,2,34.2507,0,34.2507,0.1612,0.208,2.4566,8.075,22.9997,0.1139,0.0047,0.0061,0.0717,0.2358,0.6715,0.0033,0.99,,
1/30/2021,STCHB,3,4,19,grainsize,N,2,44.067,0,44.067,0,0.2798,5.6095,13.6888,22.8414,1.3432,0,0.0063,0.1273,0.3106,0.5183,0.0305,0.99,,
11/2/2020,SMAR24,3,12,9,grainsize,N,2,47.5268,0,47.5268,0.1015,0.9121,11.3597,21.7184,13.0657,0.0377,0.0021,0.0192,0.239,0.457,0.2749,0.0008,0.99,,
12/2/2020,STCH21,1,9,9,grainsize,N,2,40.8636,0,40.8636,0.0347,0.2846,6.8534,17.3144,16.0009,0.0914,0.0008,0.007,0.1677,0.4237,0.3916,0.0022,0.99,,
1/14/2020,SMAR04,1,12,4,grainsize ,Y,2,25.0784,0.0174,25.0689,0.0273,0.2637,5.4467,10.6395,8.2617,0.2528,0.0011,0.0105,0.2172,0.4242,0.3294,0.0101,0.99,,
6/24/2020,SMAR12,1,6,14,grainsize ,N,2,52.0318,0,52.0318,0,0.0199,11.4742,25.3715,14.3884,0.3952,0,0.0004,0.2205,0.4876,0.2765,0.0076,0.99,,
3/8/2021,STCHC,3,3,9,grainsize,N,2,35.6061,0,35.6061,0,0.0941,2.6551,8.3752,23.7492,0.4658,0,0.0026,0.0746,0.2352,0.667,0.0131,0.99,,
3/6/2021,SMAR03,3,15,4,grainsize,Y,2,40.356,0.1209,40.2351,0,0.0136,6.6588,17.0837,15.9504,0.3426,0,0.0003,0.165,0.4233,0.3952,0.0085,0.99,,
10/20/2020,STCH02,3,6,9,grainsize,N,2,24.5331,0,24.5331,0.1541,0.8799,6.8324,6.4593,9.5477,0.4741,0.0063,0.0359,0.2785,0.2633,0.3892,0.0193,0.99,,
11/10/2020,SJB06,3,14,4,grain size,Y,2,50.3048,0.2068,50.098,0,0.0571,0.9318,7.3667,41.4807,0.0835,0,0.0011,0.0185,0.1464,0.8246,0.0017,0.99,,
3/6/2021,SMAR03,2,16,4,grainsize,Y,2,38.0209,0.1305,37.8904,0,0.0169,5.8856,16.6808,14.8635,0.2793,0,0.0004,0.1548,0.4387,0.3909,0.0073,0.99,,
6/10/2020,SMAR01,10,11,4,grainsize ,Y,2,33.7202,0.3078,,0.0257,0.1398,4.6074,10.8744,17.0682,0.7336,0.0008,0.0041,0.1366,0.3225,0.5062,0.0218,0.99,,
9/21/2020,SJB06,1,14,4,grainsize ,Y,2,55.2794,0.2396,55.0295,0,0,0.9837,11.622,42.2138,0.0098,0,0,0.0178,0.2102,0.7636,0.0002,0.99,,
1/30/2021,STCHB,2,3,4,grain size,Y,2,35.1441,0,35.1441,0.0547,0.4058,4.4778,11.375,18.2084,0.3379,0.0016,0.0115,0.1274,0.3237,0.5181,0.0096,0.99,,
2/23/2021,STCH04,1,18,4,grain size,Y,2,47.937,0,47.937,0.0625,0.0535,3.289,9.6742,33.8529,0.6136,0.0013,0.0011,0.0686,0.2018,0.7062,0.0128,0.99,,
7/4/2020,SMAR12,3,17,4,grainsize ,Y,2,38.0512,0.0901,37.9611,0.0238,0.043,8.114,16.0485,12.9972,0.5073,0.0006,0.0011,0.2132,0.4218,0.3416,0.0133,0.99,,
3/8/2021,SJB17,2,9,9,grainsize,N,2,29.6613,0,29.6613,0.147,0.3312,2.2262,5.9195,20.6849,0.1035,0.005,0.0112,0.0751,0.1996,0.6974,0.0035,0.99,,
1/30/2021,STCHB,3,9,14,grainsize,N,2,48.6623,0,48.6623,0.0815,0.1696,4.8196,15.9509,26.5906,0.6255,0.0017,0.0035,0.099,0.3278,0.5464,0.0129,0.99,,
2/20/2021,STCH06,1,13,9,grainsize,N,2,45.9131,0,45.9131,0.0825,0.2061,15.4377,1.2829,27.3405,1.1355,0.0018,0.0045,0.3362,0.0279,0.5955,0.0247,0.99,,
11/2/2020,SMAR24,3,17,4,grain size,Y,2,40.9995,0.1472,40.8133,0,0.2642,7.8361,17.4741,14.9577,0.083,0,0.0064,0.1911,0.4262,0.3648,0.002,0.99,,
2/20/2021,STCHC,2,6,4,grain size,Y,2,27.3007,0.0107,27.29,0,0.2285,8.3564,0.7462,16.2693,1.4446,0,0.0084,0.3061,0.0273,0.5959,0.0529,0.99,,
10/13/2020,SJB16,1,12,4,grain size,Y,2,52.8524,0.1648,52.7072,0,0,1.8641,14.9099,35.4706,0.1021,0,0,0.0353,0.2821,0.6711,0.0019,0.99,,
11/10/2020,STCH20,3,4,9,grain size,N,2,27.5801,0,27.5801,0.0252,0.3153,3.5858,7.5018,15.3866,0.4968,0.0009,0.0114,0.13,0.272,0.5579,0.018,0.99,,
2/20/2021,STCH06,1,8,14,grainsize,N,2,48.9775,0,48.9775,0,0.1779,18.4698,1.1755,27.0689,1.6045,0,0.0036,0.3771,0.024,0.5527,0.0328,0.99,,
3/8/2021,STCHC,3,8,4,grain size,Y,2,35.415,0,35.415,0.1339,0.9673,4.371,7.8041,21.0157,0.7776,0.0038,0.0273,0.1234,0.2204,0.5934,0.022,0.99,,
9/21/2020,SJB02,3,15,4,grainsize ,Y,2,44.6528,0.164,44.4815,1.3703,0.3081,2.1937,21.8346,18.38,0.1229,0.0307,0.0069,0.0491,0.489,0.4116,0.0028,0.99,,
2/6/2021,STCH02,1,10,4,grain size,Y,2,33.9031,0.121,33.7821,1.097,2.5331,8.5992,8.138,12.9477,0.2481,0.0324,0.0747,0.2536,0.24,0.3819,0.0073,0.99,,
9/23/2020,STCH02,2,2,9,grainsize ,N,2,23.681,0,23.681,0.0604,0.587,5.3908,7.4133,9.8963,0.0934,0.0026,0.0248,0.2276,0.313,0.4179,0.0039,0.99,,
2/2/2021,SMAR24,1,14,4,grain size,Y,2,41.8695,0.1754,41.681,0.0137,0.0809,6.4642,15.4156,18.982,0.4844,0.0003,0.0019,0.1544,0.3682,0.4534,0.0116,0.99,,
7/22/2020,STCH20,2,9,4,grainsize ,Y,2,32.9883,0.1701,32.8315,0.17,0.9222,4.5906,6.806,19.4624,0.7017,0.0052,0.028,0.1392,0.2063,0.59,0.0213,0.99,,There are a lot of rhizomes in the sediments that didn't get picked out. 
6/12/2020,SMAR23,3,3,14,grainsize ,N,2,40.5366,0.01458,40.52202,0,0.104,6.6536,16.4054,16.0417,0.9124,0,0.0026,0.1641,0.4047,0.3957,0.0225,0.99,,
10/2/2020,SJB10,1,16,4,grainsize ,Y,2,42.8036,0.2095,42.5905,0.492,1.1343,4.9941,22.3157,13.4016,0.0207,0.0115,0.0265,0.1167,0.5214,0.3131,0.0005,0.99,,
5/20/2020,SMARA,2,5,9,grainsize ,N,2,48.3572,0,48.3572,0,0.0428,6.3395,14.1766,26.0865,1.2089,0,0.0009,0.1311,0.2932,0.5395,0.025,0.99,,
11/17/2020,STCH21,3,10,4,grain size,Y,2,27.1897,0.1306,27.0446,0.8217,0.9021,5.6585,8.5266,10.7275,0.2698,0.0302,0.0332,0.2081,0.3136,0.3945,0.0099,0.99,,
2/6/2021,STCH02,1,5,9,grainsize,N,2,33.3329,0,33.3329,0.6914,0.5375,5.1732,10.3144,15.9684,0.2958,0.0207,0.0161,0.1552,0.3094,0.4791,0.0089,0.99,,
2/19/2021,STCH06,2,3,19,grainsize,N,2,45.6265,0,45.6265,0,0.0525,5.9667,14.791,23.0127,1.3172,0,0.0012,0.1308,0.3242,0.5044,0.0289,0.99,,
9/18/2020,SJB10,3,17,4,grainsize ,Y,2,44.5753,0.2085,44.3728,0.1456,1.1318,4.2903,17.8527,20.5705,0.0916,0.0033,0.0254,0.0962,0.4005,0.4615,0.0021,0.99,,
11/17/2020,SJB17,3,14,4,grainsize,Y,2,37.0166,0.2489,36.7412,0.0348,0.1896,1.7361,7.1678,27.3848,0.0895,0.0009,0.0051,0.0469,0.1936,0.7398,0.0024,0.99,,
10/30/2020,STCH12,1,6,4,grain size,Y,2,27.8902,0.1134,27.7931,0.3323,0.8157,5.5684,14.3151,6.4426,0.1038,0.0119,0.0292,0.1997,0.5133,0.231,0.0037,0.99,,
5/19/2020,SMARA,3,6,9,grainsize ,N,2,45.8455,0,45.8455,0,0.0367,7.6437,10.3338,26.5391,0.748,0,0.0008,0.1667,0.2254,0.5789,0.0163,0.99,,
2/20/2021,STCH06,1,18,4,grainsize,Y,2,33.1194,0.0826,33.0368,0.1397,0.2592,7.8725,0.8569,22.8301,0.7586,0.0042,0.0078,0.2377,0.0259,0.6893,0.0229,0.99,,
11/2/2020,SJB14,1,15,4,grain size,Y,2,59.4737,0.6201,58.7857,,0.2739,3.3532,33.129,21.9562,0.0168,0,0.0046,0.0564,0.557,0.3692,0.0003,0.99,,
1/30/2021,SMAR04,2,6,4,grain size,Y,2,29.7035,0.0342,29.6693,0.2527,0.2721,6.9684,14.6227,6.9774,0.2214,0.0085,0.0092,0.2346,0.4923,0.2349,0.0075,0.99,,
12/2/2020,STCH21,1,14,4,grain size,Y,2,18.7064,0.1585,18.5341,0.8861,0.9951,4.7285,8.3089,3.5106,0.0276,0.0474,0.0532,0.2528,0.4442,0.1877,0.0015,0.99,,
9/18/2020,SJB02,1,18,4,grainsize ,Y,2,31.0768,0.2022,30.8863,0.2694,0.3017,5.0572,20.3989,4.6106,0.0066,0.0087,0.0097,0.1627,0.6564,0.1484,0.0002,0.99,,
9/25/2020,SJB17,1,5,14,grainsize ,N,2,40.2806,0,40.2806,0.9544,1.043,5.4676,16.082,16.0958,0.0496,0.0237,0.0259,0.1357,0.3992,0.3996,0.0012,0.99,,
8/28/2020,SJB07,2,11,4,grainsize ,Y,2,49.8046,0.4642,49.1624,0.2804,0.4144,1.6956,6.8519,39.7839,0.0073,0.0056,0.0083,0.034,0.1376,0.7988,0.0001,0.98,,
6/12/2020,SMAR23,3,13,4,grainsize ,Y,2,34.395,0.42338,33.97162,0.1018,0.3196,3.9642,11.8253,17.0829,0.5688,0.003,0.0093,0.1153,0.3438,0.4967,0.0165,0.98,,
10/20/2020,STCH02,3,11,4,grainsize,Y,2,30.1287,0.3737,29.7721,0.8059,0.577,3.3385,6.7442,17.7777,0.4147,0.0267,0.0192,0.1108,0.2238,0.5901,0.0138,0.98,,
2/16/2021,SMAR14,1,10,4,grainsize,Y,2,44.6616,0.4834,44.1637,0,0.1652,13.9571,21.6491,8.0464,0.0791,0,0.0037,0.3125,0.4847,0.1802,0.0018,0.98,,
9/23/2020,STCH02,2,7,4,grainsize ,Y,2,29.5599,0.3106,29.2364,0.7466,1.062,4.2126,7.8929,15.0323,0.1003,0.0253,0.0359,0.1425,0.267,0.5085,0.0034,0.98,,
2/6/2021,SMAR04,3,18,4,grain size,Y,2,28.5685,0.3187,28.255,0.1525,0.1287,6.0144,12.9787,8.4639,0.3099,0.0053,0.0045,0.2105,0.4543,0.2963,0.0108,0.98,,
9/21/2020,SJB24,1,11,4,grainsize ,Y,2,44.1412,0.3967,43.751,0,0.0699,1.0121,30.1797,12.0213,0.0398,0,0.0016,0.0229,0.6837,0.2723,0.0009,0.98,,
12/2/2020,STCH12,3,10,4,grain size,Y,2,27.7833,0.389,27.3006,0.0886,0.7406,4.4014,12.5977,9.3511,0.0649,0.0032,0.0267,0.1584,0.4534,0.3366,0.0023,0.98,,
2/20/2021,STCH06,1,3,19,grainsize,N,2,40.0672,0,40.0672,0.5348,0.7941,18.9736,0.7357,16.0276,2.0887,0.0133,0.0198,0.4735,0.0184,0.4,0.0521,0.98,,
12/2/2020,STCH21,2,12,4,grain size,Y,2,16.9217,0.2705,16.6184,0.6821,0.6979,4.0819,6.4517,4.4933,0.0799,0.0403,0.0412,0.2412,0.3813,0.2655,0.0047,0.97,,
2/16/2021,SMAR14,1,5,9,grainsize,N,2,44.1885,0,44.1185,0,0.1201,16.8612,25.8213,0.1382,0.0587,0,0.0027,0.3816,0.5843,0.0031,0.0013,0.97,,
1/29/2021,SJB24,3,12,4,grainsize,Y,2,38.8286,1.1541,37.6396,0.0541,0.3319,1.3527,21.5305,14.2987,0.0053,0.0014,0.0085,0.0348,0.5545,0.3683,0.0001,0.97,,
10/30/2019,SJB24,2,12,4,grainsize,Y,2,32.904,1.2503,31.6602,0,0.0241,0.7604,12.812,18.0084,0.0059,0,0.0007,0.0231,0.3894,0.5473,0.0002,0.96,,
9/21/2020,SJB06,1,4,14,grainsize ,N,2,58.0403,0,58.0403,0,0.4079,1.4048,22.2995,31.1636,0.0032,0,0.007,0.0242,0.3842,0.5369,0.0001,0.95,,
9/18/2020,SJB10,3,2,19,grainsize ,N,2,54.1722,0,54.1722,0.2062,0.6728,7.2333,19.8913,23.316,0.0736,0.0038,0.0124,0.1335,0.3672,0.4304,0.0014,0.95,,
5/28/2020,SMAR25,1,16,4,grainsize ,Y,2,38.9293,0.0416,38.8877,0,0.0656,6.015,14.6516,14.3133,0.7496,0,0.0017,0.1547,0.3768,0.3681,0.0193,0.92,,
